Workbook

Sheet Leia-me
A1: PROGRAMA APERFEIÇOANDO A GESTÃO PÚBLICA
A2: Assistente Virtual Inteligente – Farmácia Municipal
A3: BASE DE DADOS FICTÍCIA PARA PROTÓTIPO / PROVA DE CONCEITO
A5: AVISO IMPORTANTE
A6: Todos os quantitativos de estoque desta planilha são SIMULADOS e foram gerados apenas para
A7: demonstração do funcionamento do assistente virtual. Nenhum número aqui representa a posição
A8: real de estoque de qualquer farmácia municipal. Os nomes dos medicamentos e apresentações
A9: seguem a Relação Nacional de Medicamentos Essenciais (Rename) apenas para que a demonstração
A10: reconheça os termos que o cidadão realmente digitaria.
A12: COMO ESTA PLANILHA É USADA NO PROTÓTIPO
A13: Aba 'Estoque' – base consultada pelo assistente. Uma linha por medicamento/apresentação.
A14: Aba 'Sinonimos' – nomes comerciais, apelidos e erros de escrita mapeados para o código do item.
... A29: integração para o sistema oficial de controle de estoque, sem alterar a lógica do assistente.

Sheet Estoque
A1: Código | B1: Princípio Ativo | C1: Apresentação | D1: Forma Farmacêutica | E1: Componente | F1: Unidade de Medida | G1: Estoque Atual | H1: Estoque Mínimo | I1: Situação | J1: Última Atualização | K1: Tipo de Receita | L1: Unidade Dispensadora
A2: MED-001 | B2: Dipirona sódica | C2: 500 mg | D2: Comprimido | E2: Básico | F2: Comprimido | G2: 4820 | H2: 800 | I2: =IF(G2=0,"EM FALTA",IF(G2<=H2,"ESTOQUE BAIXO","DISPONIVEL")) -> DISPONIVEL | J2: 30/08/2026 07:00 | K2: Receita simples | L2: Farmácia Municipal Central
A3: MED-002 | B3: Dipirona sódica | C3: 500 mg/mL solução oral 10 mL | D3: Solução oral | E3: Básico | F3: Frasco | G3: 0 | H3: 60 | I3: =IF(G3=0,"EM FALTA",IF(G3<=H3,"ESTOQUE BAIXO","DISPONIVEL")) -> EM FALTA | J3: 30/08/2026 07:00 | K3: Receita simples | L3: Farmácia Municipal Central
A4: MED-003 | B4: Paracetamol | C4: 500 mg | D4: Comprimido | E4: Básico | F4: Comprimido | G4: 3150 | H4: 700 | I4: =IF(G4=0,"EM FALTA",IF(G4<=H4,"ESTOQUE BAIXO","DISPONIVEL")) -> DISPONIVEL | J4: 30/08/2026 07:00 | K4: Receita simples | L4: Farmácia Municipal Central
A5: MED-004 | B5: Paracetamol | C5: 200 mg/mL solução oral 15 mL | D5: Solução oral | E5: Básico | F5: Frasco | G5: 42 | H5: 50 | I5: =IF(G5=0,"EM FALTA",IF(G5<=H5,"ESTOQUE BAIXO","DISPONIVEL")) -> ESTOQUE BAIXO | J5: 30/08/2026 07:00 | K5: Receita simples | L5: Farmácia Municipal Central
A6: MED-005 | B6: Ibuprofeno | C6: 300 mg | D6: Comprimido | E6: Básico | F6: Comprimido | G6: 1240 | H6: 400 | I6: =IF(G6=0,"EM FALTA",IF(G6<=H6,"ESTOQUE BAIXO","DISPONIVEL")) -> DISPONIVEL | J6: 30/08/2026 07:00 | K6: Receita simples | L6: Farmácia Municipal Central
A7: MED-006 | B7: Amoxicilina | C7: 500 mg | D7: Cápsula | E7: Básico | F7: Cápsula | G7: 2600 | H7: 600 | I7: =IF(G7=0,"EM FALTA",IF(G7<=H7,"ESTOQUE BAIXO","DISPONIVEL")) -> DISPONIVEL | J7: 30/08/2026 07:00 | K7: Receita de antimicrobiano (2 vias) | L7: Farmácia Municipal Central
A8: MED-007 | B8: Amoxicilina | C8: 50 mg/mL pó para suspensão oral 60 mL | D8: Suspensão oral | E8: Básico | F8: Frasco | G8: 18 | H8: 30 | I8: =IF(G8=0,"EM FALTA",IF(G8<=H8,"ESTOQUE BAIXO","DISPONIVEL")) -> ESTOQUE BAIXO | J8: 30/08/2026 07:00 | K8: Receita de antimicrobiano (2 vias) | L8: Farmácia Municipal Central
A9: MED-008 | B9: Azitromicina | C9: 500 mg | D9: Comprimido | E9: Básico | F9: Comprimido | G9: 0 | H9: 200 | I9: =IF(G9=0,"EM FALTA",IF(G9<=H9,"ESTOQUE BAIXO","DISPONIVEL")) -> EM FALTA | J9: 30/08/2026 07:00 | K9: Receita de antimicrobiano (2 vias) | L9: Farmácia Municipal Central
A10: MED-009 | B10: Cefalexina | C10: 500 mg | D10: Cápsula | E10: Básico | F10: Cápsula | G10: 940 | H10: 250 | I10: =IF(G10=0,"EM FALTA",IF(G10<=H10,"ESTOQUE BAIXO","DISPONIVEL")) -> DISPONIVEL | J10: 30/08/2026 07:00 | K10: Receita de antimicrobiano (2 vias) | L10: Farmácia Municipal Central
A11: MED-010 | B11: Sulfametoxazol + Trimetoprima | C11: 400 mg + 80 mg | D11: Comprimido | E11: Básico | F11: Comprimido | G11: 1180 | H11: 300 | I11: =IF(G11=0,"EM FALTA",IF(G11<=H11,"ESTOQUE BAIXO","DISPONIVEL")) -> DISPONIVEL | J11: 30/08/2026 07:00 | K11: Receita de antimicrobiano (2 vias) | L11: Farmácia Municipal Central
A12: MED-011 | B12: Metronidazol | C12: 250 mg | D12: Comprimido | E12: Básico | F12: Comprimido | G12: 760 | H12: 200 | I12: =IF(G12=0,"EM FALTA",IF(G12<=H12,"ESTOQUE BAIXO","DISPONIVEL")) -> DISPONIVEL | J12: 30/08/2026 07:00 | K12: Receita de antimicrobiano (2 vias) | L12: Farmácia Municipal Central
A13: MED-012 | B13: Fluconazol | C13: 150 mg | D13: Cápsula | E13: Básico | F13: Cápsula | G13: 210 | H13: 60 | I13: =IF(G13=0,"EM FALTA",IF(G13<=H13,"ESTOQUE BAIXO","DISPONIVEL")) -> DISPONIVEL | J13: 30/08/2026 07:00 | K13: Receita simples | L13: Farmácia Municipal Central
... A49: MED-048 | B49: Fenitoína sódica | C49: 100 mg | D49: Comprimido | E49: Básico | F49: Comprimido | G49: 1100 | H49: 300 | I49: =IF(G49=0,"EM FALTA",IF(G49<=H49,"ESTOQUE BAIXO","DISPONIVEL")) -> DISPONIVEL | J49: 30/08/2026 07:00 | K49: Receita de controle especial (C1) | L49: Farmácia Municipal Central
A51: Quantitativos fictícios, gerados para demonstração do protótipo. Não representam estoque real. Colunas em amarelo são de preenchimento manual; 'Situação' é calculada por fórmula.

Sheet Sinonimos
A1: Código | B1: Termo Digitado pelo Cidadão | C1: Princípio Ativo Correspondente | D1: Situação Atual
A2: MED-001 | B2: dipirona | C2: =IFERROR(INDEX(Estoque!$B$2:$B$49,MATCH($A2,Estoque!$A$2:$A$49,0)),"não encontrado") -> Dipirona sódica | D2: =IFERROR(INDEX(Estoque!$I$2:$I$49,MATCH($A2,Estoque!$A$2:$A$49,0)),"não encontrado") -> DISPONIVEL
A3: MED-001 | B3: novalgina | C3: =IFERROR(INDEX(Estoque!$B$2:$B$49,MATCH($A3,Estoque!$A$2:$A$49,0)),"não encontrado") -> Dipirona sódica | D3: =IFERROR(INDEX(Estoque!$I$2:$I$49,MATCH($A3,Estoque!$A$2:$A$49,0)),"não encontrado") -> DISPONIVEL
A4: MED-001 | B4: anador | C4: =IFERROR(INDEX(Estoque!$B$2:$B$49,MATCH($A4,Estoque!$A$2:$A$49,0)),"não encontrado") -> Dipirona sódica | D4: =IFERROR(INDEX(Estoque!$I$2:$I$49,MATCH($A4,Estoque!$A$2:$A$49,0)),"não encontrado") -> DISPONIVEL
A5: MED-001 | B5: dipirona sodica | C5: =IFERROR(INDEX(Estoque!$B$2:$B$49,MATCH($A5,Estoque!$A$2:$A$49,0)),"não encontrado") -> Dipirona sódica | D5: =IFERROR(INDEX(Estoque!$I$2:$I$49,MATCH($A5,Estoque!$A$2:$A$49,0)),"não encontrado") -> DISPONIVEL
A6: MED-001 | B6: dipirona comprimido | C6: =IFERROR(INDEX(Estoque!$B$2:$B$49,MATCH($A6,Estoque!$A$2:$A$49,0)),"não encontrado") -> Dipirona sódica | D6: =IFERROR(INDEX(Estoque!$I$2:$I$49,MATCH($A6,Estoque!$A$2:$A$49,0)),"não encontrado") -> DISPONIVEL
A7: MED-001 | B7: dipirona 500 | C7: =IFERROR(INDEX(Estoque!$B$2:$B$49,MATCH($A7,Estoque!$A$2:$A$49,0)),"não encontrado") -> Dipirona sódica | D7: =IFERROR(INDEX(Estoque!$I$2:$I$49,MATCH($A7,Estoque!$A$2:$A$49,0)),"não encontrado") -> DISPONIVEL
A8: MED-002 | B8: dipirona gotas | C8: =IFERROR(INDEX(Estoque!$B$2:$B$49,MATCH($A8,Estoque!$A$2:$A$49,0)),"não encontrado") -> Dipirona sódica | D8: =IFERROR(INDEX(Estoque!$I$2:$I$49,MATCH($A8,Estoque!$A$2:$A$49,0)),"não encontrado") -> EM FALTA
A9: MED-002 | B9: novalgina gotas | C9: =IFERROR(INDEX(Estoque!$B$2:$B$49,MATCH($A9,Estoque!$A$2:$A$49,0)),"não encontrado") -> Dipirona sódica | D9: =IFERROR(INDEX(Estoque!$I$2:$I$49,MATCH($A9,Estoque!$A$2:$A$49,0)),"não encontrado") -> EM FALTA
A10: MED-002 | B10: dipirona liquida | C10: =IFERROR(INDEX(Estoque!$B$2:$B$49,MATCH($A10,Estoque!$A$2:$A$49,0)),"não encontrado") -> Dipirona sódica | D10: =IFERROR(INDEX(Estoque!$I$2:$I$49,MATCH($A10,Estoque!$A$2:$A$49,0)),"não encontrado") -> EM FALTA
A11: MED-003 | B11: paracetamol | C11: =IFERROR(INDEX(Estoque!$B$2:$B$49,MATCH($A11,Estoque!$A$2:$A$49,0)),"não encontrado") -> Paracetamol | D11: =IFERROR(INDEX(Estoque!$I$2:$I$49,MATCH($A11,Estoque!$A$2:$A$49,0)),"não encontrado") -> DISPONIVEL
A12: MED-003 | B12: tylenol | C12: =IFERROR(INDEX(Estoque!$B$2:$B$49,MATCH($A12,Estoque!$A$2:$A$49,0)),"não encontrado") -> Paracetamol | D12: =IFERROR(INDEX(Estoque!$I$2:$I$49,MATCH($A12,Estoque!$A$2:$A$49,0)),"não encontrado") -> DISPONIVEL
A13: MED-003 | B13: paracetamol 500 | C13: =IFERROR(INDEX(Estoque!$B$2:$B$49,MATCH($A13,Estoque!$A$2:$A$49,0)),"não encontrado") -> Paracetamol | D13: =IFERROR(INDEX(Estoque!$I$2:$I$49,MATCH($A13,Estoque!$A$2:$A$49,0)),"não encontrado") -> DISPONIVEL
... A132: MED-048 | B132: hidantal | C132: =IFERROR(INDEX(Estoque!$B$2:$B$49,MATCH($A132,Estoque!$A$2:$A$49,0)),"não encontrado") -> Fenitoína sódica | D132: =IFERROR(INDEX(Estoque!$I$2:$I$49,MATCH($A132,Estoque!$A$2:$A$49,0)),"não encontrado") -> DISPONIVEL
A134: Dicionário de termos. Permite que o assistente reconheça nomes comerciais, apelidos populares e erros de digitação e os relacione ao item de estoque correto.

Sheet Unidades
A1: Código | B1: Unidade Dispensadora (fictícia) | C1: Endereço (fictício) | D1: Horário de Atendimento | E1: Telefone (fictício)
A2: UN-01 | B2: Farmácia Municipal Central | C2: Rua das Flores, 100 - Centro | D2: Segunda a sexta, 7h às 17h | E2: (00) 0000-0001
A3: UN-02 | B3: Farmácia da UBS Bairro Novo | C3: Av. Principal, 500 - Bairro Novo | D3: Segunda a sexta, 7h às 16h | E3: (00) 0000-0002
A4: UN-03 | B4: Farmácia da UBS Vila Esperança | C4: Rua São João, 25 - Vila Esperança | D4: Segunda a sexta, 8h às 16h | E4: (00) 0000-0003
A6: Unidades, endereços e telefones fictícios, criados apenas para a demonstração.

Sheet Painel
A1: Painel da Base Simulada
A3: Total de itens cadastrados | B3: =COUNTA(Estoque!$A$2:$A$49) -> 48
A4: Itens disponíveis | B4: =COUNTIF(Estoque!$I$2:$I$49,"DISPONIVEL") -> 38
A5: Itens com estoque baixo | B5: =COUNTIF(Estoque!$I$2:$I$49,"ESTOQUE BAIXO") -> 5
A6: Itens em falta | B6: =COUNTIF(Estoque!$I$2:$I$49,"EM FALTA") -> 5
A7: Percentual de itens em falta | B7: =IFERROR(COUNTIF(Estoque!$I$2:$I$49,"EM FALTA")/COUNTA(Estoque!$A$2:$A$49),0) -> 0.10416667
A8: Termos no dicionário de sinônimos | B8: =COUNTA(Sinonimos!$B$2:$B$132) -> 131
A9: Média de termos por medicamento | B9: =IFERROR(COUNTA(Sinonimos!$B$2:$B$132)/COUNTA(Estoque!$A$2:$A$49),0) -> 2.7291667
A12: Todos os indicadores derivam da base fictícia da aba 'Estoque'.
